{"train_loss": [2.678379078244054, 1.8583015882691671, 1.2584280711273814, 1.0139319737290227, 0.866414607957352, 0.7774908806002417, 0.727370505416116, 0.6717887940101845, 0.6237174418083457, 0.5838695951672488], "val_loss": [2.3125782663171943, 1.510214697230946, 1.15801370956681, 1.0328936034982854, 0.9382845217531378, 0.8911287689750845, 0.8516939675266092, 0.8443630568005822, 0.8190720785747875, 0.8088611581108787], "val_accuracy": [59.27007299270073, 65.69343065693431, 70.65693430656934, 71.24087591240875, 72.55474452554745, 75.47445255474453, 75.18248175182482, 75.32846715328468, 76.64233576642336, 75.76642335766424]}